{"cameraMode":{"drawMode":0,"name":"Shaded","section":"Shading Mode"},"sceneLighting":false,"audioPlay":false,"sceneViewState":{"showFog":true,"showMaterialUpdate":false,"showSkybox":true,"showFlares":true,"showImageEffects":true,"showParticleSystems":true},"in2DMode":false,"pivot":{"x":0.000001564621925354004,"y":0.5329556465148926,"z":-4.0978193283081057e-8},"rotation":{"x":0.13655836880207063,"y":-0.1974007785320282,"z":0.027778910472989084,"w":0.9703675508499146},"size":3.1131751537323,"orthographic":false}