{"cameraMode":{"drawMode":0,"name":"Shaded","section":"Shading Mode"},"sceneLighting":false,"audioPlay":false,"sceneViewState":{"showFog":true,"showMaterialUpdate":false,"showSkybox":true,"showFlares":true,"showImageEffects":true,"showParticleSystems":true},"in2DMode":false,"pivot":{"x":-1.0911458730697632,"y":2.3929576873779299,"z":-0.03453998267650604},"rotation":{"x":0.028794320300221444,"y":-0.029672896489501,"z":0.0008525403100065887,"w":0.9991444945335388},"size":1.3242303133010865,"orthographic":false}