{"cameraMode":{"drawMode":0,"name":"Shaded","section":"Shading Mode"},"sceneLighting":false,"audioPlay":false,"sceneViewState":{"showFog":true,"showMaterialUpdate":false,"showSkybox":true,"showFlares":true,"showImageEffects":true,"showParticleSystems":true},"in2DMode":false,"pivot":{"x":1.2866424322128297,"y":1.7807683944702149,"z":-1.6763806343078614e-8},"rotation":{"x":0.009277534671127797,"y":-0.08358920365571976,"z":0.0007770191878080368,"w":0.9964568614959717},"size":22.0,"orthographic":false}