{"cameraMode":{"drawMode":0,"name":"Shaded","section":"Shading Mode"},"sceneLighting":false,"audioPlay":false,"sceneViewState":{"showFog":true,"showMaterialUpdate":false,"showSkybox":true,"showFlares":true,"showImageEffects":true,"showParticleSystems":true},"in2DMode":false,"pivot":{"x":5.727633833885193e-8,"y":2.2705295085906984,"z":-0.26100000739097597},"rotation":{"x":0.19652459025382996,"y":0.29088351130485537,"z":-0.06118331849575043,"w":0.9343562126159668},"size":0.32195335626602175,"orthographic":false}