{"cameraMode":{"drawMode":0,"name":"Shaded","section":"Shading Mode"},"sceneLighting":false,"audioPlay":false,"sceneViewState":{"showFog":true,"showMaterialUpdate":false,"showSkybox":true,"showFlares":true,"showImageEffects":true,"showParticleSystems":true},"in2DMode":false,"pivot":{"x":-2.3522491455078127,"y":4.980961322784424,"z":-0.03453998267650604},"rotation":{"x":-0.1541883498430252,"y":-0.006820248905569315,"z":0.0010643427958711982,"w":-0.9880173802375794},"size":1.3135817050933838,"orthographic":false}