{"cameraMode":{"drawMode":0,"name":"Shaded","section":"Shading Mode"},"sceneLighting":false,"audioPlay":false,"sceneViewState":{"showFog":true,"showMaterialUpdate":false,"showSkybox":true,"showFlares":true,"showImageEffects":true,"showParticleSystems":true},"in2DMode":false,"pivot":{"x":-3.050081431865692e-8,"y":4.209681510925293,"z":8.149072527885437e-10},"rotation":{"x":0.2242181897163391,"y":-0.07416727393865586,"z":0.01711542345583439,"w":0.9715619087219238},"size":0.914479672908783,"orthographic":false}