{"cameraMode":{"drawMode":0,"name":"Shaded","section":"Shading Mode"},"sceneLighting":false,"audioPlay":false,"sceneViewState":{"showFog":true,"showMaterialUpdate":false,"showSkybox":true,"showFlares":true,"showImageEffects":true,"showParticleSystems":true},"in2DMode":false,"pivot":{"x":-2.2751412391662599,"y":2.400935173034668,"z":-0.05092739313840866},"rotation":{"x":0.14380531013011933,"y":0.007728260941803455,"z":-0.0011244077468290926,"w":0.989575207233429},"size":0.393104612827301,"orthographic":false}