{"cameraMode":{"drawMode":0,"name":"Shaded","section":"Shading Mode"},"sceneLighting":false,"audioPlay":false,"sceneViewState":{"showFog":true,"showMaterialUpdate":false,"showSkybox":true,"showFlares":true,"showImageEffects":true,"showParticleSystems":true},"in2DMode":false,"pivot":{"x":-1.0342493057250977,"y":2.966960906982422,"z":-0.03453998267650604},"rotation":{"x":-0.1953219473361969,"y":0.12816016376018525,"z":-0.02575388178229332,"w":-0.9719882607460022},"size":1.3135813474655152,"orthographic":false}