{"cameraMode":{"drawMode":0,"name":"Shaded","section":"Shading Mode"},"sceneLighting":false,"audioPlay":false,"sceneViewState":{"showFog":true,"showMaterialUpdate":false,"showSkybox":true,"showFlares":true,"showImageEffects":true,"showParticleSystems":true},"in2DMode":false,"pivot":{"x":0.0,"y":0.07399999350309372,"z":0.09331201016902924},"rotation":{"x":0.18823480606079102,"y":0.6164352297782898,"z":-0.15498214960098267,"w":0.7487027645111084},"size":0.7760133743286133,"orthographic":false}