{"cameraMode":{"drawMode":0,"name":"Shaded","section":"Shading Mode"},"sceneLighting":false,"audioPlay":false,"sceneViewState":{"showFog":true,"showMaterialUpdate":false,"showSkybox":true,"showFlares":true,"showImageEffects":true,"showParticleSystems":true},"in2DMode":false,"pivot":{"x":2.0907506942749025,"y":4.57996129989624,"z":-0.03453998267650604},"rotation":{"x":-0.20402087271213532,"y":0.1293780356645584,"z":-0.027212293818593026,"w":-0.9699981212615967},"size":1.3135817050933838,"orthographic":false}