{"cameraMode":{"drawMode":0,"name":"Shaded","section":"Shading Mode"},"sceneLighting":false,"audioPlay":false,"sceneViewState":{"showFog":true,"showMaterialUpdate":false,"showSkybox":true,"showFlares":true,"showImageEffects":true,"showParticleSystems":true},"in2DMode":false,"pivot":{"x":913.0009765625,"y":80.99993896484375,"z":0.00004959105353918858},"rotation":{"x":0.019804535433650018,"y":-0.020684801042079927,"z":0.000408498861361295,"w":0.9995898008346558},"size":268.6005554199219,"orthographic":false}