{"cameraMode":{"drawMode":0,"name":"Shaded","section":"Shading Mode"},"sceneLighting":false,"audioPlay":false,"sceneViewState":{"showFog":true,"showMaterialUpdate":false,"showSkybox":true,"showFlares":true,"showImageEffects":true,"showParticleSystems":true},"in2DMode":false,"pivot":{"x":341.41595458984377,"y":452.7727966308594,"z":-1.6025999784469605},"rotation":{"x":-0.1541883498430252,"y":-0.006820248905569315,"z":0.0010643427958711982,"w":-0.9880173802375794},"size":324.47998046875,"orthographic":false}