{"cameraMode":{"drawMode":0,"name":"Shaded","section":"Shading Mode"},"sceneLighting":false,"audioPlay":false,"sceneViewState":{"showFog":true,"showMaterialUpdate":false,"showSkybox":true,"showFlares":true,"showImageEffects":true,"showParticleSystems":true},"in2DMode":false,"pivot":{"x":0.020903706550598146,"y":-0.07330706715583801,"z":-0.019226133823394777},"rotation":{"x":0.027429845184087755,"y":-0.42501163482666018,"z":0.012885458767414093,"w":0.9046804308891296},"size":1.5172977447509766,"orthographic":false}