{"cameraMode":{"drawMode":0,"name":"Shaded","section":"Shading Mode"},"sceneLighting":false,"audioPlay":false,"sceneViewState":{"showFog":true,"showMaterialUpdate":false,"showSkybox":true,"showFlares":true,"showImageEffects":true,"showParticleSystems":true},"in2DMode":false,"pivot":{"x":-2.3522491455078127,"y":4.980961322784424,"z":-0.03453998267650604},"rotation":{"x":-0.12144578248262406,"y":0.03185397386550903,"z":-0.003898650873452425,"w":-0.9920791983604431},"size":1.3135817050933838,"orthographic":false}