{"cameraMode":{"drawMode":0,"name":"Shaded","section":"Shading Mode"},"sceneLighting":false,"audioPlay":false,"sceneViewState":{"showFog":true,"showMaterialUpdate":false,"showSkybox":true,"showFlares":true,"showImageEffects":true,"showParticleSystems":true},"in2DMode":false,"pivot":{"x":321.77374267578127,"y":-2.9618637561798097,"z":-0.42857617139816286},"rotation":{"x":-0.032356277108192447,"y":0.2366945743560791,"z":-0.007886101491749287,"w":-0.9710131883621216},"size":0.14288276433944703,"orthographic":false}