{"cameraMode":{"drawMode":0,"name":"Shaded","section":"Shading Mode"},"sceneLighting":false,"audioPlay":false,"sceneViewState":{"showFog":true,"showMaterialUpdate":false,"showSkybox":true,"showFlares":true,"showImageEffects":true,"showParticleSystems":true},"in2DMode":false,"pivot":{"x":2.6734390258789064,"y":-0.5860104560852051,"z":-0.3772597312927246},"rotation":{"x":0.08102995157241821,"y":-0.06840890645980835,"z":0.005572106223553419,"w":0.9943457245826721},"size":22.0,"orthographic":false}